,Name,mz,rt_start,rt_end,Charge
0,Compound 1,524.265,0.0,15.0,1.0
1,Compound 2,108.08084109999999,0.828070078,1.216254998,1.0
2,Compound 3,102.1277313,6.76951676,7.3282505229999995,1.0
3,Compound 4,102.1277313,6.980431487000001,7.4532150999999995,1.0
4,Compound 5,162.11253359999998,5.335723125,5.680649606,1.0
5,Compound 6,331.0451355,6.509541365,6.979477145,1.0
6,Compound 7,124.07573700000002,1.047570283,1.143803208,1.0
7,Compound 8,118.08625790000002,3.92679922,4.309833881,1.0
8,Compound 9,132.0767975,6.188740806,6.491012262999999,1.0
9,Compound 10,192.1020355,0.7959417609999999,1.064251276,1.0
10,Compound 11,192.17475890000003,0.660090705,1.095149422,1.0
11,Compound 12,293.09799189999995,6.549725700000001,6.978869258,1.0
12,Compound 13,74.09648132,8.723643085,9.190900683999999,1.0
13,Compound 14,218.2114563,1.677139226,1.918242464,1.0
14,Compound 15,178.1590881,0.722619692,1.0601655859999999,1.0
15,Compound 16,116.07074740000002,4.937812514,5.386475582999999,1.0
16,Compound 17,415.2116089,0.708998873,0.99276236,1.0
17,Compound 18,114.06627659999998,2.6293281580000003,3.194414606,1.0
18,Compound 19,74.09648132,8.864372025,9.325425486,1.0
19,Compound 20,204.1228943,4.012915735,4.337281324,1.0
20,Compound 21,234.22155759999998,0.721652575,1.006286189,1.0
21,Compound 22,128.953598,12.89764742,13.80321264,1.0
22,Compound 23,264.2321472,0.643016247,0.94810867,1.0
23,Compound 24,206.1902618,0.738802765,1.082815123,1.0
24,Compound 25,150.1278381,0.784951163,1.082668231,1.0
25,Compound 26,144.1020966,3.390057826,3.940524458,1.0
26,Compound 27,239.1490173,0.987718047,1.113139955,1.0
27,Compound 28,137.045929,3.084918347,3.6750794819999997,1.0
28,Compound 29,204.1228943,3.863501789,4.302638121,1.0
29,Compound 30,118.08625790000002,4.093052613,4.9753173319999995,1.0
30,Compound 31,176.971344,8.235710237000001,8.945845923,1.0
31,Compound 32,130.0500183,6.350379971000001,6.83774308,1.0
32,Compound 33,195.12266540000002,1.0326452179999999,1.109025046,1.0
33,Compound 34,234.20642090000004,0.999940327,1.1252657879999999,1.0
34,Compound 35,166.08633419999998,3.4955388739999997,3.931864305,1.0
35,Compound 36,132.1018677,3.958863032,4.384469005,1.0
36,Compound 37,83.06043243,1.788008205,1.872675408,1.0
37,Compound 38,258.10992430000005,6.135924055,6.406440604,1.0
38,Compound 39,129.0660858,6.262931919,6.590934971,1.0
39,Compound 40,120.08090209999999,3.3110642489999997,4.068123749,1.0
40,Compound 41,97.07614899,1.802431928,2.000670835,1.0
41,Compound 42,127.1230392,6.4495966,6.853849294,1.0
42,Compound 43,352.93530269999997,8.137333426,8.793662748,1.0
43,Compound 44,108.08086399999999,8.355486827,8.898891387,1.0
44,Compound 45,246.2427063,1.569101679,1.935367436,1.0
45,Compound 46,234.9178619,13.1267477,13.63512273,1.0
46,Compound 47,120.06565859999999,5.894831161,6.290644952,1.0
47,Compound 48,205.0970917,4.6197178480000005,5.0693019360000005,1.0
48,Compound 49,166.122818,7.3753871470000005,7.865116197000001,1.0
49,Compound 50,156.0722198,4.445253801000001,4.948542236000001,1.0
50,Compound 51,170.0925446,5.26735002,5.551487454,1.0
51,Compound 52,169.0357056,5.206352125,5.376749786,1.0
52,Compound 53,124.07573700000002,1.077255577,1.6661437,1.0
53,Compound 54,274.91024780000004,13.09364134,13.64014574,1.0
54,Compound 55,248.23725890000003,0.7282055740000001,0.9786179209999999,1.0
55,Compound 56,283.1752014,0.9411847940000001,1.120114088,1.0
56,Compound 57,132.0658875,6.119187468,6.366940114,1.0
57,Compound 58,265.1180725,1.7837941830000001,1.883677159,1.0
58,Compound 59,138.05505369999997,4.245394299,4.711995194,1.0
59,Compound 60,90.05502319,6.14289445,6.540218319,1.0
60,Compound 61,128.9536438,0.5192400420000001,0.628167169,1.0
61,Compound 62,70.06521606,4.972062725,5.353042628,1.0
62,Compound 63,246.1523438,0.6301379229999999,0.876878371,1.0
63,Compound 64,94.06524658,0.995423059,1.2170286190000001,1.0
64,Compound 65,520.3396606000001,0.7433286029999999,1.240784759,1.0
65,Compound 66,104.1070709,8.930516982,9.253305241,1.0
66,Compound 67,276.26849369999996,0.652025497,0.955633855,1.0
67,Compound 68,344.2276001,0.887381764,1.124998439,1.0
68,Compound 69,262.2529297,0.7238675529999999,0.965672748,1.0
69,Compound 70,477.1145325,6.525836022000001,6.744878832,1.0
70,Compound 71,606.3788452,0.585472026,1.1370679540000002,1.0
71,Compound 72,340.8821716,13.20781641,13.62984512,1.0
72,Compound 73,585.2712402000001,0.626742237,0.8682933409999999,1.0
73,Compound 74,315.0676575,6.528819102000001,6.9756689320000005,1.0
74,Compound 75,206.19018549999998,4.398285361,5.222808267,1.0
75,Compound 76,648.4254761,0.7491981090000001,0.9420142640000001,1.0
76,Compound 77,126.02207949999999,5.981385598999999,6.350369667000001,1.0
77,Compound 78,146.1177521,2.429599694,2.876944786,1.0
78,Compound 79,146.0813751,4.918493057,5.261327621,1.0
79,Compound 80,125.07608799999998,5.915522706,6.289531167000001,1.0
80,Compound 81,150.0585022,4.505905182,4.970487307,1.0
81,Compound 82,262.23764040000003,0.906809967,1.144287373,1.0
82,Compound 83,72.08086395,4.865212389,5.284948019,1.0
83,Compound 84,212.09524539999998,4.451617645,5.708501985,1.0
84,Compound 85,139.1229553,0.99799733,1.134131811,1.0
85,Compound 86,249.10806269999998,4.907832363,5.178836799999999,1.0
86,Compound 87,116.1070709,2.248512614,2.7407387030000003,1.0
87,Compound 88,125.1073608,1.7433753930000002,1.8754938819999998,1.0
88,Compound 89,86.09640503,4.16538,4.666452791,1.0
89,Compound 90,209.2011871,1.705200174,1.8872987469999998,1.0
90,Compound 91,94.06519318,8.980053122000001,9.583089526,1.0
91,Compound 92,111.0917282,1.760626824,1.8570784340000002,1.0
92,Compound 93,144.9276428,13.35181421,13.71794383,1.0
93,Compound 94,592.3634643999999,0.705937224,1.063287944,1.0
94,Compound 95,261.1266785,0.700192156,0.9337790159999999,1.0
95,Compound 96,176.875473,13.56227603,13.94121777,1.0
96,Compound 97,232.1366425,0.6959060840000001,0.8828514120000001,1.0
97,Compound 98,130.1227112,0.9263909570000001,1.119274281,1.0
98,Compound 99,217.0818329,6.374024305,6.655039577999999,1.0
99,Compound 100,139.1229553,1.740855329,1.860501011,1.0
100,Compound 101,74.06012726,1.0610266259999999,1.224479808,1.0
101,Compound 102,251.18521119999997,0.798210959,1.045657902,1.0
102,Compound 103,118.12259669999999,4.025853098,4.481561602,1.0
103,Compound 104,309.22695919999995,0.7267674140000001,1.064026423,1.0
104,Compound 105,104.07064059999999,4.643234868,4.961250075,1.0
105,Compound 106,172.169632,0.81672247,1.043276991,1.0
106,Compound 107,318.19116210000004,0.6201204929999999,0.9860517609999999,1.0
107,Compound 108,84.04449463,6.357781349,6.823384842,1.0
108,Compound 109,160.90159609999998,13.48670945,13.83348066,1.0
109,Compound 110,522.2853393999999,0.9015654409999999,1.099956636,1.0
110,Compound 111,528.8995361000001,8.271153147,8.760761483,1.0
111,Compound 112,191.0847015,1.025414705,1.128279032,1.0
112,Compound 113,247.144165,2.397203283,2.94245688,1.0
113,Compound 114,193.1434174,0.8272405559999999,1.116946197,1.0
114,Compound 115,317.2686462,0.6243049970000001,0.806558235,1.0
115,Compound 116,209.0953369,1.9715360730000002,2.303356551,1.0
116,Compound 117,148.0605774,6.321820722000001,6.681745492999999,1.0
117,Compound 118,350.01583860000005,7.013487212,7.340587162,1.0
118,Compound 119,130.08625790000002,4.1400425,4.421718147,1.0
119,Compound 120,167.11798100000001,3.0214828839999996,3.298545885,1.0
120,Compound 121,299.25805660000003,0.5565021529999999,0.820954858,1.0
121,Compound 122,218.12086490000002,0.7064683,0.9091481490000001,1.0
122,Compound 123,226.1801605,0.648993898,0.930118938,1.0
123,Compound 124,190.0896301,0.7572252890000001,0.944555406,1.0
124,Compound 125,469.388916,0.618104623,0.8294648290000001,1.0
125,Compound 126,236.1128998,0.770798402,1.0308658309999998,1.0
126,Compound 127,136.0757294,5.403388487999999,5.640182265,1.0
127,Compound 128,154.074295,6.354160049,6.659589321,1.0
128,Compound 129,208.1123505,0.7420913140000001,0.916816911,1.0
129,Compound 130,103.0543365,3.554774016,3.9077803610000004,1.0
130,Compound 131,130.08636470000002,1.7893698130000002,1.902293337,1.0
131,Compound 132,451.1647034,0.605254485,0.8360234609999999,1.0
132,Compound 133,102.12786870000001,0.527060706,0.5766519520000001,1.0
133,Compound 134,148.0970001,1.783459102,1.903424728,1.0
134,Compound 135,279.23190310000007,0.574225028,0.805052685,1.0
135,Compound 136,355.0116577,6.861023047000001,7.3076229239999995,1.0
136,Compound 137,213.1598358,1.778969332,1.947722587,1.0
137,Compound 138,122.06013490000002,4.132631752,4.681016713,1.0
138,Compound 139,290.269104,0.862691557,1.117350498,1.0
139,Compound 140,122.09646609999999,0.886509585,1.110719497,1.0
140,Compound 141,86.09640503,1.944281088,2.485580347,1.0
141,Compound 142,144.9276428,0.519760251,0.629610507,1.0
142,Compound 143,119.0855942,0.676575959,0.934825237,1.0
143,Compound 144,286.2012024,1.786858604,1.9677813640000001,1.0
144,Compound 145,846.4418945,0.6868737840000001,0.95432843,1.0
145,Compound 146,158.9607544,8.158927584,8.873700012999999,1.0
146,Compound 147,172.169632,1.602013429,1.9149289459999999,1.0
147,Compound 148,286.1438293,0.7617909559999999,1.0330412009999999,1.0
148,Compound 149,380.8747253,13.12151051,13.61175111,1.0
149,Compound 150,190.1591949,0.7449297509999999,1.0897154709999999,1.0
150,Compound 151,142.0864563,1.809673205,2.21566153,1.0
151,Compound 152,349.0178528,7.069600011,7.390136272,1.0
152,Compound 153,158.1541595,0.8561044609999999,1.037198653,1.0
153,Compound 154,154.0499725,1.788419231,1.8906462290000001,1.0
154,Compound 155,234.9178925,0.521695706,0.617064093,1.0
155,Compound 156,136.0758057,2.9955898530000002,3.470029275,1.0
156,Compound 157,306.02563480000003,4.848073767,5.1090321030000005,1.0
157,Compound 158,521.4204102,0.5583094479999999,0.832876492,1.0
158,Compound 159,253.12817379999998,1.7842258919999998,1.870797122,1.0
159,Compound 160,74.09652709999999,0.526839728,0.565860201,1.0
160,Compound 161,391.10159300000004,5.752403557,6.230742441,1.0
161,Compound 162,146.1177979,5.493135366000001,5.745413482000001,1.0
162,Compound 163,186.112442,4.102054293,4.406586363,1.0
163,Compound 164,74.06010437,5.887647744,6.2847147020000005,1.0
164,Compound 165,577.4829102000001,0.6150382560000001,0.8163028920000001,1.0
165,Compound 166,100.1120834,3.9991105389999997,4.523846664,1.0
166,Compound 167,645.1049805,6.546589453999999,6.954913615,1.0
167,Compound 168,219.17427059999997,0.7021805179999999,1.005443757,1.0
168,Compound 169,209.15362549999998,0.671680545,0.893207642,1.0
169,Compound 170,118.0652618,3.524420063,3.959486778,1.0
170,Compound 171,250.8917389,13.37195925,13.65674866,1.0
171,Compound 172,176.10296630000002,6.9206140210000004,7.301826244,1.0
172,Compound 173,110.06009669999999,1.6717640040000001,1.836584376,1.0
173,Compound 174,160.1335449,5.486557765,5.759427874,1.0
174,Compound 175,195.1856689,1.72440797,1.888319041,1.0
175,Compound 176,209.1020508,1.794126061,1.8948459709999999,1.0
176,Compound 177,338.34179689999996,0.686892493,0.890937007,1.0
177,Compound 178,244.1908264,0.639059869,0.981136412,1.0
178,Compound 179,230.2113647,0.871932631,1.1688496879999999,1.0
179,Compound 180,83.06047058,6.27505933,6.578890825,1.0
180,Compound 181,446.84646610000004,13.16994576,13.59807451,1.0
181,Compound 182,250.159317,0.645962623,0.8582199770000001,1.0
182,Compound 183,290.2839966,0.629974409,0.9639430179999999,1.0
183,Compound 184,618.3097534,0.714436865,0.913503579,1.0
184,Compound 185,164.14343259999998,5.920465236,6.42353472,1.0
185,Compound 186,318.9002075,13.16555312,13.59805922,1.0
186,Compound 187,168.9461365,0.5225549279999999,0.6140532639999999,1.0
187,Compound 188,118.0651321,4.581400272,5.103044402,1.0
188,Compound 189,192.06871030000002,1.774336379,1.861364606,1.0
189,Compound 190,348.07006839999997,6.194031516,6.401403321,1.0
190,Compound 191,402.2331543,0.8547089859999999,1.0548981240000002,1.0
191,Compound 192,165.0545044,5.438254855,5.696745827999999,1.0
192,Compound 193,188.07070919999998,2.528038666,2.925534752,1.0
193,Compound 194,117.1387253,7.904439082000001,8.572938054,1.0
194,Compound 195,178.1590881,4.8754945460000005,5.783135112,1.0
195,Compound 196,130.08625790000002,4.932401887,5.153975036,1.0
196,Compound 197,175.1078339,5.621589837,5.980933352999999,1.0
197,Compound 198,253.12808230000005,1.0349160720000001,1.113532024,1.0
198,Compound 199,231.07733149999999,1.893074886,2.428564756,1.0
199,Compound 200,402.88265989999996,13.1242655,13.73523007,1.0
200,Compound 201,127.08666229999999,1.78687642,1.883119709,1.0
201,Compound 202,290.88415530000003,13.44010195,13.64033686,1.0
202,Compound 203,274.91024780000004,0.520515761,0.62152966,1.0
203,Compound 204,122.0601273,3.0255113810000003,3.292474437,1.0
204,Compound 205,690.4732056,0.719013857,0.9025248240000001,1.0
205,Compound 206,223.21675109999998,1.63255585,1.918667405,1.0
206,Compound 207,314.2324524,1.7455546869999998,1.873808237,1.0
207,Compound 208,578.3479614,0.855039343,1.050789792,1.0
208,Compound 209,162.11245730000002,4.403550625,4.748301185,1.0
209,Compound 210,218.13868709999997,3.106354855,3.682709972,1.0
210,Compound 211,174.0848694,5.44630684,5.703680034,1.0
211,Compound 212,292.0098267,5.493757039,5.609057751,1.0
212,Compound 213,169.1335602,1.7734811869999998,1.895105408,1.0
213,Compound 214,297.1545715,1.037571585,1.124513444,1.0
214,Compound 215,241.031311,7.099545342000001,7.408269325,1.0
215,Compound 216,155.1179962,1.7809683440000001,1.912271153,1.0
216,Compound 217,704.8635864,8.228233442999999,8.796425503,1.0
217,Compound 218,617.4755859,0.610322544,0.760732235,1.0
218,Compound 219,672.3426513999999,0.578789992,0.7999701509999999,1.0
219,Compound 220,204.17468259999998,0.7345784340000001,1.08476756,1.0
220,Compound 221,502.29342649999995,0.7605074959999999,1.1001409,1.0
221,Compound 222,124.0870514,1.749311344,1.853963095,1.0
222,Compound 223,186.0622864,5.234365631,5.335148726,1.0
223,Compound 224,194.1175995,5.518949695,5.969953529,1.0
224,Compound 225,229.15481569999997,3.1742576639999998,3.744501657,1.0
225,Compound 226,303.17373660000004,0.651753769,0.8847488640000001,1.0
226,Compound 227,144.08078,4.608952119,5.073004492,1.0
227,Compound 228,467.37323,0.557641293,0.8398782929999999,1.0
228,Compound 229,446.259491,0.78866669,1.044913578,1.0
229,Compound 230,386.1462708,5.813143664,6.119491898,1.0
230,Compound 231,124.08535,3.42907801,3.9957387539999996,1.0
231,Compound 232,665.0755615,6.575015898999999,6.917597048999999,1.0
232,Compound 233,288.2167664,1.7753984930000002,1.914542125,1.0
233,Compound 234,526.2646484,1.701389698,1.872409775,1.0
234,Compound 235,184.9199371,13.38297125,13.66811643,1.0
235,Compound 236,91.05426788,5.334363795,5.722024496,1.0
236,Compound 237,655.3167114,0.578342151,0.816003227,1.0
237,Compound 238,185.09214780000002,2.017669001,2.358638741,1.0
238,Compound 239,198.1853638,0.6846752429999999,1.135026082,1.0
239,Compound 240,293.1955872,0.663885188,1.049756341,1.0
240,Compound 241,290.21133419999995,0.688235252,0.898945725,1.0
241,Compound 242,593.4777832000001,0.587435587,0.78507276,1.0
242,Compound 243,126.0550003,1.774406217,1.9272122919999999,1.0
243,Compound 244,442.3371581999999,0.6750171770000001,0.996811772,1.0
244,Compound 245,310.20126339999996,1.77589055,1.9299316119999999,1.0
245,Compound 246,162.11253359999998,6.022268362999999,6.047525609,1.0
246,Compound 247,230.09579469999997,6.0336001139999995,6.552905986,1.0
247,Compound 248,663.4537353999999,0.666236913,0.857159549,1.0
248,Compound 249,490.28582760000006,0.767146697,1.0103010609999998,1.0
249,Compound 250,235.23805240000002,2.066933954,2.35839277,1.0
250,Compound 251,698.4995727999999,0.648268655,0.87862042,1.0
251,Compound 252,194.1539459,0.788337175,1.083834603,1.0
252,Compound 253,189.0870972,6.442533179,6.644167663999999,1.0
253,Compound 254,125.071022,1.774286645,1.884390985,1.0
254,Compound 255,212.20077510000002,0.799971402,1.080689183,1.0
255,Compound 256,250.89175419999998,0.517005102,0.63648727,1.0
256,Compound 257,486.86492919999995,13.10089615,13.76632486,1.0
257,Compound 258,160.0968628,4.747504028,5.075734809,1.0
258,Compound 259,476.3069153,0.815870579,1.081169344,1.0
259,Compound 260,209.092041,4.188569475,4.529913105,1.0
260,Compound 261,166.1226196,0.880716077,1.144092806,1.0
261,Compound 262,488.1782837,5.953406757000001,6.163285925,1.0
262,Compound 263,205.1182556,4.807263019,5.169234875,1.0
263,Compound 264,307.113739,6.207834107,6.430379951,1.0
264,Compound 265,164.0917816,4.964340737,5.18484828,1.0
265,Compound 266,185.1283569,1.043655859,1.139799828,1.0
266,Compound 267,302.2478333,0.6723637920000001,0.890886628,1.0
267,Compound 268,807.1519775,6.585989119,6.769018725,1.0
268,Compound 269,139.1230774,0.526777745,0.585413782,1.0
269,Compound 270,227.0788879,4.552119427,5.0791874539999995,1.0
270,Compound 271,436.0877075,6.800969341,7.022590646,1.0
271,Compound 272,637.3059692,0.662309754,0.8552148490000001,1.0
272,Compound 273,232.15447999999998,2.430056527,2.8870706760000004,1.0
273,Compound 274,367.2684631,0.792204316,1.0084880459999999,1.0
274,Compound 275,289.1580505,0.666154579,0.874714297,1.0
275,Compound 276,539.4309692,0.570195046,0.828021151,1.0
276,Compound 277,263.236908,0.553580564,0.826579843,1.0
277,Compound 278,316.2481995,1.7363486209999999,1.87494186,1.0
278,Compound 279,406.07705689999995,6.729609469,6.976967156000001,1.0
279,Compound 280,133.0318298,4.456516098,4.887619795,1.0
280,Compound 281,452.27813719999995,0.6486566979999999,0.880458333,1.0
281,Compound 282,234.07710269999998,5.723442996,6.268391286,1.0
282,Compound 283,495.40438839999996,0.604068148,0.757881426,1.0
283,Compound 284,134.1176453,1.79563356,2.072514861,1.0
284,Compound 285,465.3575745,0.577606206,0.8371521759999999,1.0
285,Compound 286,266.8657227,13.43760733,13.708369699999999,1.0
286,Compound 287,531.2740478999999,0.663507987,0.869647222,1.0
287,Compound 288,623.1832886,6.504903215,6.718795732,1.0
288,Compound 289,570.8474121,13.15299441,13.59019322,1.0
289,Compound 290,175.11904909999998,11.30647608,11.80926349,1.0
290,Compound 291,152.070694,1.031103423,1.176765502,1.0
291,Compound 292,185.1283569,1.765271513,1.8873165440000002,1.0
292,Compound 293,430.2646484,0.654650011,0.8950009879999999,1.0
293,Compound 294,463.0986023,6.533216695,6.815508475,1.0
294,Compound 295,541.4466553,0.570152903,0.813523112,1.0
295,Compound 296,338.0503235,4.365427288999999,5.512378728,1.0
296,Compound 297,130.08636470000002,2.2430492859999998,2.7941693180000002,1.0
297,Compound 298,88.11215973,7.141016401,7.507781842999999,1.0
298,Compound 299,314.2114258,0.676118818,0.8855053359999999,1.0
299,Compound 300,182.154068,0.7803298759999999,1.031934124,1.0
300,Compound 301,315.2530823,0.577086274,0.799883892,1.0
301,Compound 302,295.2263794,0.59045697,0.870491085,1.0
302,Compound 303,290.8842468,0.514808412,0.645041355,1.0
303,Compound 304,496.3042297,0.627726108,0.8742822140000001,1.0
304,Compound 305,621.3100586,0.660179535,0.8727213540000001,1.0
305,Compound 306,166.05316159999998,5.496225131,5.793494633,1.0
306,Compound 307,292.0100403,5.555261474,5.6355966539999995,1.0
307,Compound 308,563.4284667999999,0.61180458,0.7688856479999999,1.0
308,Compound 309,239.0654602,5.233667902,5.334298154,1.0
309,Compound 310,297.1542358,1.72532334,1.863250026,1.0
310,Compound 311,523.4360352,0.559092988,0.822401816,1.0
311,Compound 312,349.05523680000005,6.6187313439999995,6.879346217,1.0
312,Compound 313,579.4984741000001,0.590298914,0.783098328,1.0
313,Compound 314,229.15481569999997,5.190568066,5.548279677999999,1.0
314,Compound 315,206.1538849,0.724854105,1.1552807859999998,1.0
315,Compound 316,251.20057680000002,0.530565026,0.869598115,1.0
316,Compound 317,106.08632659999998,2.217535851,2.63173788,1.0
317,Compound 318,78.95571136,13.33731731,13.82043947,1.0
318,Compound 319,632.8477173,13.203726500000002,13.56382529,1.0
319,Compound 320,387.18008419999995,0.666891935,1.047872518,1.0
320,Compound 321,114.0913315,1.008712404,1.132852333,1.0
321,Compound 322,540.3305664,0.621298644,0.878568813,1.0
322,Compound 323,224.88150019999998,0.5296173989999999,0.5628837760000001,1.0
323,Compound 324,356.8559265,13.38259565,13.62674584,1.0
324,Compound 325,188.1645355,3.036177745,3.401685074,1.0
325,Compound 326,282.8397827,13.53589642,13.74778084,1.0
326,Compound 327,141.1022491,1.766078614,1.924869071,1.0
327,Compound 328,132.1383972,3.672040889,4.116693624,1.0
328,Compound 329,94.06519318,4.08508712,4.841475656,1.0
329,Compound 330,171.07650759999999,2.475946237,2.8337809989999996,1.0
330,Compound 331,536.3737793,0.678831383,0.8464869209999999,1.0
331,Compound 332,611.5080566,0.588364735,0.78373158,1.0
332,Compound 333,661.5845947,6.574140242,6.902648119,1.0
333,Compound 334,482.3843994,0.59299087,0.80924568,1.0
334,Compound 335,371.3160095,0.662998549,0.8679959079999999,1.0
335,Compound 336,291.06976319999995,4.106328469,4.390545058,1.0
336,Compound 337,246.17005919999997,2.004157953,2.42536578,1.0
337,Compound 338,337.0638733,5.255432365,5.400581522,1.0
338,Compound 339,654.8297729,13.14362252,13.59185798,1.0
339,Compound 340,184.92008969999998,0.520905374,0.627159359,1.0
340,Compound 341,273.08428960000003,3.1442346289999996,3.598993812,1.0
341,Compound 342,533.3405762,0.8377800259999999,0.9290888820000001,1.0
342,Compound 343,373.2947998,0.6153629420000001,0.996068655,1.0
343,Compound 344,200.8939514,13.50469087,13.73963542,1.0
344,Compound 345,526.8835449,13.17706842,13.57234637,1.0
345,Compound 346,355.0740356,6.184024589,6.534131952,1.0
346,Compound 347,169.06071469999998,1.76338818,1.91208281,1.0
347,Compound 348,508.84695430000005,13.18327665,13.55991341,1.0
348,Compound 349,267.17987059999996,0.92025473,1.074939265,1.0
349,Compound 350,390.10522460000004,5.77199369,6.219414905,1.0
350,Compound 351,800.8120117000001,13.18219687,13.58570257,1.0
351,Compound 352,537.4151001,0.556011306,0.829958795,1.0
352,Compound 353,277.21636960000006,0.5660399979999999,0.850567063,1.0
353,Compound 354,336.32617189999996,0.7124492579999999,0.8794141609999999,1.0
354,Compound 355,239.0637054,6.368177847,6.645514477000001,1.0
355,Compound 356,132.08070370000002,4.575912822,5.084806396,1.0
356,Compound 357,298.81356810000005,13.53383688,13.87208042,1.0
357,Compound 358,177.06590269999998,1.794043605,1.885642368,1.0
358,Compound 359,144.1383057,1.734257655,2.182806344,1.0
359,Compound 360,235.1804199,0.80492656,1.047328466,1.0
360,Compound 361,257.1469421,3.826040475,4.341350106,1.0
361,Compound 362,464.88305660000003,13.11488869,13.63441119,1.0
362,Compound 363,238.21633909999997,0.697338345,0.9794409959999999,1.0
363,Compound 364,188.1030273,6.0028162179999995,6.3139727720000005,1.0
364,Compound 365,172.0669708,5.522576006,5.797272331,1.0
365,Compound 366,675.3320312999999,0.7109081890000001,0.944068033,1.0
366,Compound 367,163.0533142,5.067268335,5.462809066,1.0
367,Compound 368,548.3469238,0.825961815,0.8775459309999999,1.0
368,Compound 369,90.09147644,7.523939035,7.995463489,1.0
369,Compound 370,742.6360473999999,0.667638197,0.820106406,1.0
370,Compound 371,381.1620483,1.987939336,2.316801305,1.0
371,Compound 372,290.85311889999997,0.528245724,0.56371011,1.0
372,Compound 373,306.8582764,13.40827607,13.69553694,1.0
373,Compound 374,535.3988036999999,0.582021438,0.77558646,1.0
374,Compound 375,329.0952148,6.142554832999999,6.4225997239999995,1.0
375,Compound 376,615.460144,0.61288294,0.763037137,1.0
376,Compound 377,536.4312133999999,0.570748797,0.812631033,1.0
377,Compound 378,340.8821716,0.514815015,0.640153862,1.0
378,Compound 379,584.4887695,0.584444731,0.7839254309999999,1.0
379,Compound 380,591.4616089,0.577539653,0.782551922,1.0
380,Compound 381,586.5042725,0.5718497810000001,0.786659801,1.0
381,Compound 382,240.23222349999998,0.691205106,1.01821994,1.0
382,Compound 383,169.0583344,6.40458847,6.677229932,1.0
383,Compound 384,255.9447174,8.306206181,8.63549396,1.0
384,Compound 385,466.17547609999997,0.60909483,0.83468905,1.0
385,Compound 386,232.227066,1.607087753,1.932203334,1.0
386,Compound 387,236.2373352,0.7201009490000001,0.936978799,1.0
387,Compound 388,255.2067261,1.617738886,1.93200939,1.0
388,Compound 389,307.026062,5.788986446,6.086015113999999,1.0
389,Compound 390,168.065506,1.768900822,1.9326846830000002,1.0
390,Compound 391,140.10711669999998,8.318166738,8.700732825,1.0
391,Compound 392,672.4094848999999,0.663605533,0.868750562,1.0
392,Compound 393,676.8112183,13.17787819,13.57523543,1.0
393,Compound 394,222.1851807,5.04545973,5.559849598,1.0
394,Compound 395,122.08452609999999,5.67971375,5.706603174,1.0
395,Compound 396,208.16946409999997,5.55434076,6.124564397,1.0
396,Compound 397,314.78750610000003,13.4732663,13.95005251,1.0
397,Compound 398,181.158783,0.62266965,0.937415448,1.0
398,Compound 399,88.07574463,7.451503944,7.767950912000001,1.0
399,Compound 400,345.06073,6.188025168999999,6.457522797999999,1.0
400,Compound 401,260.23703,0.629446553,0.993770871,1.0
401,Compound 402,187.0788269,0.7304859659999999,0.873480851,1.0
402,Compound 403,152.070694,1.776341986,1.8787923569999998,1.0
403,Compound 404,216.8677826,13.47017962,13.81292751,1.0
404,Compound 405,160.90145869999998,0.511375701,0.665393132,1.0
405,Compound 406,554.4411011,0.593365268,0.7753178909999999,1.0
406,Compound 407,251.03654480000003,6.033686437,6.314015587999999,1.0
407,Compound 408,511.30960080000006,0.6675821439999999,0.823091804,1.0
408,Compound 409,530.4417725,0.59987648,0.7571850240000001,1.0
409,Compound 410,162.9070587,0.530428132,0.563851199,1.0
410,Compound 411,561.4129638999999,0.591896438,0.816939775,1.0
411,Compound 412,561.4883423,0.6009127910000001,0.8046103520000001,1.0
412,Compound 413,313.2373047,0.646038728,0.9058989940000001,1.0
413,Compound 414,260.1855164,1.7653660740000001,2.066132547,1.0
414,Compound 415,447.34677120000003,0.602110292,0.78557743,1.0
415,Compound 416,467.2829894999999,0.662532349,0.830220882,1.0
416,Compound 417,242.9170227,13.12520394,13.85471255,1.0
417,Compound 418,502.29315189999994,1.5681770169999998,1.877105175,1.0
418,Compound 419,249.04557799999998,7.113475069,7.404421996,1.0
419,Compound 420,296.25827030000005,0.6853579959999999,0.9641655240000001,1.0
420,Compound 421,202.1801758,1.751273335,1.908553685,1.0
421,Compound 422,202.1588898,0.8127701409999999,0.936650553,1.0
422,Compound 423,241.1909637,1.7060756519999998,1.89274569,1.0
423,Compound 424,157.097229,3.5993905610000003,4.0316933310000005,1.0
424,Compound 425,593.4973755,0.6136235170000001,0.787923417,1.0
425,Compound 426,248.1491394,4.323143049,4.669961381,1.0
426,Compound 427,487.4000853999999,0.59710682,0.793173382,1.0
427,Compound 428,180.1020508,0.8371488009999999,1.0708760590000002,1.0
428,Compound 429,552.81073,13.18911559,13.56895075,1.0
429,Compound 430,628.5148315,0.59246199,0.780156409,1.0
430,Compound 431,189.1232605,5.315649679,5.592383191000001,1.0
431,Compound 432,451.3783875,0.631190957,0.7790237590000001,1.0
432,Compound 433,120.1020432,7.905340316,8.302781206,1.0
433,Compound 434,252.882843,13.40864804,14.09670583,1.0
434,Compound 435,358.0110168,7.047062135,7.092119239,1.0
435,Compound 436,453.3576965,0.580683653,0.814092169,1.0
436,Compound 437,458.1679688,6.147404531,6.504411329,1.0
437,Compound 438,502.41049189999995,0.594183395,0.7863442909999999,1.0
438,Compound 439,466.3164063,1.729981847,1.867444836,1.0
439,Compound 440,327.1586609,4.921398297,5.37397945,1.0
440,Compound 441,231.13400269999997,5.046642608,5.325788374,1.0
441,Compound 442,154.12280269999997,0.8938159729999999,1.0337926640000001,1.0
442,Compound 443,551.46698,0.580202668,0.7872359859999999,1.0
443,Compound 444,253.252594,0.5856326820000001,0.7855107179999999,1.0
444,Compound 445,169.13360600000001,7.4720535660000005,7.9397145710000006,1.0
445,Compound 446,140.07054140000002,1.764740195,1.929715351,1.0
446,Compound 447,463.34106449999996,0.5630149,0.8586072290000001,1.0
447,Compound 448,681.2764282,1.7632124480000002,1.9194158119999998,1.0
448,Compound 449,473.0842285,5.398349775,5.623994541,1.0
449,Compound 450,485.3837891,0.6349465879999999,0.8364649390000001,1.0
450,Compound 451,146.081192,1.7946376819999998,1.953340641,1.0
451,Compound 452,175.1482239,0.7317320340000001,0.930491127,1.0
452,Compound 453,504.26461789999996,1.7768388309999998,1.869612555,1.0
453,Compound 454,342.00219730000003,4.840034033,5.124347264,1.0
454,Compound 455,254.1901398,0.682373607,0.961262246,1.0
455,Compound 456,302.12493900000004,3.477817658,3.743149092,1.0
456,Compound 457,249.1846008,0.5940101839999999,0.876728095,1.0
457,Compound 458,385.150177,5.815151331,6.115872899,1.0
458,Compound 459,95.08551025,0.72716231,0.9094096690000001,1.0
459,Compound 460,104.1070328,6.192542264,6.422096046,1.0
460,Compound 461,356.855957,0.512555761,0.653600446,1.0
461,Compound 462,455.3734436000001,0.6006472039999999,0.7844360490000001,1.0
462,Compound 463,517.3886108,0.532678445,0.8591534559999999,1.0
463,Compound 464,494.32437130000005,1.4927348459999998,2.034071506,1.0
464,Compound 465,552.4260864,0.600952367,0.773545017,1.0
465,Compound 466,446.15924069999994,6.148171269,6.37880621,1.0
466,Compound 467,439.3413086,0.582886354,0.841669528,1.0
467,Compound 468,437.3740845,0.590408948,1.011033177,1.0
468,Compound 469,522.3557739,1.560101615,1.899653141,1.0
469,Compound 470,182.11724850000002,0.895164561,0.9928217779999999,1.0
470,Compound 471,550.8687133999999,7.919183097,9.274056768,1.0
471,Compound 472,192.0654907,4.244773405,4.532815197,1.0
472,Compound 473,156.0722198,4.989709652,5.021830502,1.0
473,Compound 474,144.9822083,0.468352255,0.754579672,1.0
474,Compound 475,323.2685852,0.81618766,0.8464959129999999,1.0
475,Compound 476,524.2489013999999,1.7785935590000002,1.885707526,1.0
476,Compound 477,497.4203186000001,0.594791747,0.7869869290000001,1.0
477,Compound 478,288.996521,6.362884573,6.640453844,1.0
478,Compound 479,203.1390533,5.777434481,6.063634467999999,1.0
479,Compound 480,577.348999,0.632427153,0.821823655,1.0
480,Compound 481,126.1026459,5.285188703999999,5.508019656,1.0
481,Compound 482,801.5533447,0.66754348,0.8427231190000001,1.0
482,Compound 483,473.14636229999996,0.560257892,0.860748191,1.0
483,Compound 484,547.43573,0.59546952,0.769560538,1.0
484,Compound 485,323.2580872,0.612565464,0.9740367679999999,1.0
485,Compound 486,219.0974579,6.26042463,6.540370577000001,1.0
486,Compound 487,759.2136841,5.860179037999999,6.142129427,1.0
487,Compound 488,511.4000244,0.5884997479999999,0.804742299,1.0
488,Compound 489,281.1954041,0.906207729,0.970904457,1.0
489,Compound 490,396.84869380000004,13.38244312,13.62168058,1.0
490,Compound 491,203.1389923,5.057341846,5.370454925,1.0
491,Compound 492,322.8322144,13.46753163,13.72186491,1.0
492,Compound 493,145.09730530000002,9.977490585,10.37527385,1.0
493,Compound 494,380.9004517,13.07999699,13.65656396,1.0
494,Compound 495,694.8479004,13.14818949,13.62012694,1.0
495,Compound 496,514.4467773,0.571020589,0.76891861,1.0
496,Compound 497,306.8271484,0.5266531520000001,0.5646363670000001,1.0
497,Compound 498,286.31030269999997,1.7366302669999998,1.85713331,1.0
498,Compound 499,320.2587891,0.688704777,0.927902097,1.0
499,Compound 500,495.1095581,5.987475218999999,6.284623959,1.0
500,Compound 501,498.37872310000006,0.8137720740000001,0.833346282,1.0
501,Compound 502,297.1906738,0.8933232329999999,0.962666095,1.0
502,Compound 503,242.9170227,12.8807782,13.13814847,1.0
503,Compound 504,257.1529236,10.02728773,10.738149900000002,1.0
504,Compound 505,122.09631350000001,5.138097213,5.450450569,1.0
505,Compound 506,525.1242065,6.207229237999999,6.442933011,1.0
506,Compound 507,337.9347229,8.35418737,8.687888687000001,1.0
507,Compound 508,262.139679,6.370497692000001,6.65112415,1.0
508,Compound 509,487.18203739999996,5.88412746,6.156791231000001,1.0
509,Compound 510,640.5516357000001,0.570638981,0.744033099,1.0
510,Compound 511,225.18489069999995,0.590086242,0.7920024659999999,1.0
511,Compound 512,334.874054,13.39090041,13.63096671,1.0
512,Compound 513,151.1231079,1.7112731140000002,1.90340103,1.0
513,Compound 514,876.5578002999998,0.624514676,0.793735599,1.0
514,Compound 515,405.3731689,0.5932705079999999,0.7998283540000001,1.0
515,Compound 516,567.4620972,0.5976887710000001,0.7564021470000001,1.0
516,Compound 517,198.1965485,5.159149514,5.610273524,1.0
517,Compound 518,232.84182740000003,13.50811683,13.91821408,1.0
518,Compound 519,642.5673218,0.571602675,0.7384597009999999,1.0
519,Compound 520,280.0918579,6.193711686,6.405110377000001,1.0
520,Compound 521,483.3682251,0.58550952,0.8109590879999999,1.0
521,Compound 522,320.29449460000006,0.72038507,0.8998965440000001,1.0
522,Compound 523,548.2913208,1.783568975,1.8907349469999999,1.0
523,Compound 524,569.4780883999999,0.584712376,0.789976425,1.0
524,Compound 525,186.1124268,1.783216776,1.887175096,1.0
525,Compound 526,346.0092468,6.0288918439999994,6.378279,1.0
526,Compound 527,590.4782104,0.624409374,0.8052571540000001,1.0
527,Compound 528,266.21087650000004,0.729196395,0.995600935,1.0
528,Compound 529,261.20611569999994,0.605074056,0.780684568,1.0
529,Compound 530,822.7940062999999,13.31091269,13.50368774,1.0
530,Compound 531,284.2944641,1.676171355,1.903130478,1.0
531,Compound 532,370.99978639999995,7.188456776000001,7.348170047999999,1.0
532,Compound 533,111.05538940000001,4.684166251000001,5.352919493,1.0
533,Compound 534,234.1484833,0.8831985520000001,0.985871794,1.0
534,Compound 535,358.2071838,1.5178837530000002,1.8235360569999999,1.0
535,Compound 536,328.3575439,1.6897512280000002,1.895612455,1.0
536,Compound 537,261.1444702,4.698799403,4.929193932,1.0
537,Compound 538,302.0709534,5.776003651,6.124913677,1.0
538,Compound 539,167.1543274,0.522550313,0.57109241,1.0
539,Compound 540,693.1879882999999,6.494512626000001,6.6737406020000005,1.0
540,Compound 541,98.09650421,3.707737215,4.086340901,1.0
541,Compound 542,198.0973206,5.855856543,6.082694346,1.0
542,Compound 543,142.0499878,3.606929009,4.2075462869999996,1.0
543,Compound 544,477.39364620000003,0.592801142,0.8009642640000001,1.0
544,Compound 545,354.012085,7.168400202999999,7.393827002999999,1.0
545,Compound 546,350.30526729999997,0.736762107,0.80774436,1.0
546,Compound 547,372.8299561,13.40119228,13.67395248,1.0
547,Compound 548,468.30834960000004,1.6880215459999999,1.860337814,1.0
548,Compound 549,437.32556150000005,0.644733288,0.8008487190000001,1.0
549,Compound 550,151.0615082,2.219518332,2.613632566,1.0
550,Compound 551,542.3366089,0.668284295,0.79096325,1.0
551,Compound 552,635.4649048,0.59868477,0.717803693,1.0
552,Compound 553,154.122757,3.102021314,3.3136411239999997,1.0
553,Compound 554,204.1231689,5.62449229,5.68024835,1.0
554,Compound 555,155.0815582,2.071273513,2.228883419,1.0
555,Compound 556,148.0427246,4.48699469,4.878614888,1.0
556,Compound 557,72.04446411,1.648924447,1.86360845,1.0
557,Compound 558,147.11293030000002,9.569354106,10.01519361,1.0
558,Compound 559,533.3833618,0.63366341,0.79110671,1.0
559,Compound 560,626.4995727999999,0.58453929,0.7885805490000001,1.0
560,Compound 561,170.1176758,1.766952605,1.918558376,1.0
561,Compound 562,439.1649475,2.058825331,2.303667913,1.0
562,Compound 563,266.8656616,0.512245718,0.6615767579999999,1.0
563,Compound 564,507.3668823,0.539115888,0.8442704,1.0
564,Compound 565,499.096405,6.540586469,6.70773378,1.0
565,Compound 566,152.07060239999998,4.832361951,5.0791395669999995,1.0
566,Compound 567,495.0756836,5.776637286000001,6.089503538,1.0
567,Compound 568,187.1441498,3.021746365,3.2994662519999998,1.0
568,Compound 569,338.2535095,0.791307806,0.87566022,1.0
569,Compound 570,330.27905269999997,0.690498209,0.861111926,1.0
570,Compound 571,547.1199951,6.517151438,6.6959320589999995,1.0
571,Compound 572,571.4937744,0.601489821,0.756587764,1.0
572,Compound 573,475.37777710000006,0.642050267,0.779856535,1.0
573,Compound 574,288.1990662,0.607986939,0.829492593,1.0
574,Compound 575,599.3622437000001,0.650435964,0.8238864290000001,1.0
575,Compound 576,595.5141602000001,0.606028586,0.732322658,1.0
576,Compound 577,677.2979126,0.575798324,0.750839812,1.0
577,Compound 578,673.3265381,0.573537905,0.7714422190000001,1.0
578,Compound 579,308.11471560000007,5.864152311000001,6.283127366,1.0
579,Compound 580,418.85656739999996,13.37381553,13.63118242,1.0
580,Compound 581,524.265,0.0,15.0,-1.0
581,Compound 582,283.26409910000007,0.625199604,0.854044516,-1.0
582,Compound 583,255.23307799999998,0.580297243,0.864533129,-1.0
583,Compound 584,281.2486877,0.601802206,0.819549405,-1.0
584,Compound 585,279.2331238,0.608018681,0.818379775,-1.0
585,Compound 586,187.00703430000002,0.716917666,0.979206383,-1.0
586,Compound 587,87.00873566,1.790359096,1.905124857,-1.0
587,Compound 588,89.02420044,1.9202585909999998,2.734716037,-1.0
588,Compound 589,279.2331238,0.6389807679999999,0.919009174,-1.0
589,Compound 590,129.05566409999997,0.8368424959999999,1.049430098,-1.0
590,Compound 591,283.26409910000007,0.726203295,1.184454628,-1.0
591,Compound 6,329.0300903,6.509541365,6.979477145,-1.0
592,Compound 592,205.15969850000002,0.7396949359999999,1.062319651,-1.0
593,Compound 593,227.2017517,0.573016474,0.936904465,-1.0
594,Compound 594,121.0294647,1.047918737,1.1287496879999999,-1.0
595,Compound 52,167.0209045,5.206352125,5.376749786,-1.0
596,Compound 595,212.0022125,1.7804965959999999,1.8699432269999998,-1.0
597,Compound 596,89.02420044,1.406089584,2.674336958,-1.0
598,Compound 597,269.2488403,0.5929605029999999,0.828482002,-1.0
599,Compound 31,174.9565582,8.235710237000001,8.945845923,-1.0
600,Compound 12,291.0836182,6.549725700000001,6.978869258,-1.0
601,Compound 598,253.21760559999998,0.517211349,0.947482884,-1.0
602,Compound 599,96.96009064,8.396580284,8.713175087,-1.0
603,Compound 600,115.07640079999999,0.856299666,1.02719313,-1.0
604,Compound 601,157.1233063,0.734213146,0.937950458,-1.0
605,Compound 602,284.09603880000003,0.609793791,0.886563135,-1.0
606,Compound 603,103.0400391,1.773223073,1.855451032,-1.0
607,Compound 604,143.107666,0.778938748,0.971897208,-1.0
608,Compound 605,172.9913177,0.723486428,1.144227457,-1.0
609,Compound 606,169.0658264,0.792490215,0.985314094,-1.0
610,Compound 607,137.0243073,0.892121322,1.0964216740000001,-1.0
611,Compound 608,293.1757507,0.627025551,0.885790196,-1.0
612,Compound 609,121.0294647,1.716102095,1.86392469,-1.0
613,Compound 610,115.04004669999999,0.965702483,1.108521101,-1.0
614,Compound 611,170.07362369999998,0.798039787,0.978890478,-1.0
615,Compound 135,277.2174988,0.574225028,0.805052685,-1.0
616,Compound 612,241.21751400000002,0.638750288,0.9116016859999999,-1.0
617,Compound 613,311.2954407,0.621388307,0.831666495,-1.0
618,Compound 614,199.1704254,0.6984933320000001,0.9140362320000001,-1.0
619,Compound 615,93.03459167,0.817748653,1.110228599,-1.0
620,Compound 616,185.0971832,0.796817995,0.9803669290000001,-1.0
621,Compound 617,101.06084440000001,1.00304407,1.103343627,-1.0
622,Compound 77,124.0072861,5.981385598999999,6.350369667000001,-1.0
623,Compound 618,117.05572509999999,1.047387181,1.124913377,-1.0
624,Compound 619,128.0352173,2.8250575280000003,3.332931517,-1.0
625,Compound 620,87.00873566,1.0494941290000002,1.152277768,-1.0
626,Compound 621,145.0617981,6.4396562489999996,6.758485945,-1.0
627,Compound 622,202.0905304,0.712494429,0.900727587,-1.0
628,Compound 623,103.0400391,1.030714245,1.122940836,-1.0
629,Compound 624,367.1580811,0.599952181,0.815739627,-1.0
630,Compound 625,279.1238403,1.04524273,1.135988073,-1.0
631,Compound 626,228.93194580000002,12.95419944,13.73882234,-1.0
632,Compound 627,91.02210236,1.026101258,1.131955634,-1.0
633,Compound 628,129.092041,0.811118566,0.9851029570000001,-1.0
634,Compound 629,171.1389923,0.6925012629999999,0.883231331,-1.0
635,Compound 630,87.04518127,1.048263151,1.1301900679999999,-1.0
636,Compound 631,188.9862671,0.8365071590000001,1.238704677,-1.0
637,Compound 632,178.0508728,1.761322127,1.841925595,-1.0
638,Compound 633,107.0502243,0.706620395,0.9903341109999999,-1.0
639,Compound 634,188.9393311,13.02891534,13.66355237,-1.0
640,Compound 338,335.0493164,5.255432365,5.400581522,-1.0
641,Compound 74,313.0529175,6.528819102000001,6.9756689320000005,-1.0
642,Compound 635,367.10495,5.853163297999999,6.22257533,-1.0
643,Compound 636,269.2125549,0.576030594,0.775140243,-1.0
644,Compound 637,96.96957397,7.122552423999999,7.634566223999999,-1.0
645,Compound 638,613.5408325,0.7061889140000001,0.912578468,-1.0
646,Compound 36,130.0872955,3.958863032,4.384469005,-1.0
647,Compound 639,199.03800959999998,4.170112822,4.79760318,-1.0
648,Compound 640,191.0561371,5.14622015,5.322942671,-1.0
649,Compound 641,268.2046814,0.5440814079999999,0.8179942840000001,-1.0
650,Compound 642,162.9600372,12.95485724,13.74733778,-1.0
651,Compound 643,191.01972959999998,8.653081233,9.037726717,-1.0
652,Compound 99,215.06729130000002,6.374024305,6.655039577999999,-1.0
653,Compound 644,641.5725097999999,0.6886063859999999,0.856943527,-1.0
654,Compound 645,166.9572754,12.8266856,13.8621826,-1.0
655,Compound 200,400.8675232,13.1242655,13.73523007,-1.0
656,Compound 646,334.89587400000005,12.98552453,13.69903313,-1.0
657,Compound 43,350.9203796,8.137333426,8.793662748,-1.0
658,Compound 647,180.0666962,5.3563526360000004,5.694326642,-1.0
659,Compound 648,178.0508728,1.020772214,1.124227593,-1.0
660,Compound 111,526.8855591,8.271153147,8.760761483,-1.0
661,Compound 649,303.2328796,0.5959596189999999,0.821773867,-1.0
662,Compound 650,294.90353389999996,13.01280934,13.67680862,-1.0
663,Compound 651,325.1841736,0.527511751,0.8453013559999999,-1.0
664,Compound 652,565.5196533,0.629444033,0.786313962,-1.0
665,Compound 653,311.16857910000004,0.5883465489999999,0.813844133,-1.0
666,Compound 654,122.9675598,12.90890965,13.75403501,-1.0
667,Compound 28,135.03114319999997,3.084918347,3.6750794819999997,-1.0
668,Compound 655,272.92443849999995,8.127882634,8.856003787999999,-1.0
669,Compound 35,164.07162480000002,3.4955388739999997,3.931864305,-1.0
670,Compound 656,190.0938873,5.351924433,5.714041268,-1.0
671,Compound 657,721.0689087000001,6.581294092,6.907028232999999,-1.0
672,Compound 658,73.02952576,1.8103223380000002,1.935347542,-1.0
673,Compound 659,593.4780883999999,0.5903765360000001,0.751370449,-1.0
674,Compound 660,225.1861725,0.5962364029999999,0.928384045,-1.0
675,Compound 661,100.9856796,12.94793681,13.81879743,-1.0
676,Compound 662,537.489624,0.638721497,0.781973257,-1.0
677,Compound 663,174.0988464,3.4290688869999997,3.9657998589999996,-1.0
678,Compound 664,173.0818481,0.92802385,1.082887344,-1.0
679,Compound 665,465.3045654,0.615176643,0.7755794340000001,-1.0
680,Compound 666,295.2276611,0.545737255,0.805286444,-1.0
681,Compound 667,194.04585269999998,1.7448254,1.843787659,-1.0
682,Compound 668,165.04078669999998,0.8058236990000001,1.064578048,-1.0
683,Compound 18,112.05158999999999,2.6293281580000003,3.194414606,-1.0
684,Compound 669,279.1238403,1.791546127,1.892396926,-1.0
685,Compound 670,131.07128909999997,0.876015859,1.07033303,-1.0
686,Compound 671,286.2226563,0.5715057370000001,0.778834962,-1.0
687,Compound 672,595.4943847999999,0.593224179,0.744115559,-1.0
688,Compound 673,75.00872803,0.873492945,1.771656774,-1.0
689,Compound 674,203.0019684,0.7040635470000001,1.089161587,-1.0
690,Compound 117,146.04585269999998,6.321820722000001,6.681745492999999,-1.0
691,Compound 132,449.1499938999999,0.605254485,0.8360234609999999,-1.0
692,Compound 675,135.0298004,4.9592463019999995,5.26134418,-1.0
693,Compound 676,278.2253418,0.6112010720000001,0.759058053,-1.0
694,Compound 677,284.032959,6.576435577000001,6.9088625960000005,-1.0
695,Compound 678,182.04585269999998,0.803664443,0.9901214740000001,-1.0
696,Compound 7,122.0611038,1.047570283,1.143803208,-1.0
697,Compound 679,179.0561066,5.867220529,6.193641042,-1.0
698,Compound 680,268.92459110000004,12.99979308,13.68247139,-1.0
699,Compound 58,263.1038818,1.7837941830000001,1.883677159,-1.0
700,Compound 681,86.97475433,8.194898589,8.607974809,-1.0
701,Compound 682,116.9595413,13.51191524,14.03655035,-1.0
702,Compound 683,87.04518127,1.7633102840000001,1.853156785,-1.0
703,Compound 684,245.04901119999997,0.7123691259999999,0.967732543,-1.0
704,Compound 685,194.04585269999998,1.026032922,1.128925003,-1.0
705,Compound 686,136.9912872,1.726266162,1.841648349,-1.0
706,Compound 687,169.1233368,0.665448893,0.9374142679999999,-1.0
707,Compound 95,259.1121826,0.700192156,0.9337790159999999,-1.0
708,Compound 688,135.0298004,5.170895495,5.326002525,-1.0
709,Compound 689,110.975647,1.783527455,1.864627112,-1.0
710,Compound 128,152.0595551,6.354160049,6.659589321,-1.0
711,Compound 690,263.1038818,1.0451154040000001,1.139470183,-1.0
712,Compound 691,133.0141296,7.363608825,7.738793567,-1.0
713,Compound 692,151.03999330000002,0.961827487,1.123070442,-1.0
714,Compound 118,348.0005188,7.013487212,7.340587162,-1.0
715,Compound 693,173.98660280000001,0.9041009040000001,1.1028207209999998,-1.0
716,Compound 694,224.17819210000002,0.5936274779999999,0.759007014,-1.0
717,Compound 60,88.04045105,6.14289445,6.540218319,-1.0
718,Compound 695,243.06233219999996,4.563669159,4.986559981,-1.0
719,Compound 696,163.061203,4.255344233,4.676546506,-1.0
720,Compound 697,267.1240234,0.797405444,1.072403558,-1.0
721,Compound 698,108.04549409999998,0.950782813,1.131319902,-1.0
722,Compound 699,145.0142059,7.091462119,7.361555267999999,-1.0
723,Compound 48,203.08251950000002,4.6197178480000005,5.0693019360000005,-1.0
724,Compound 152,347.0026245,7.069600011,7.390136272,-1.0
725,Compound 700,299.258606,0.5708468879999999,0.840103705,-1.0
726,Compound 701,144.97541809999998,13.054277699999998,13.64996146,-1.0
727,Compound 70,475.09960939999996,6.525836022000001,6.744878832,-1.0
728,Compound 702,255.63084410000002,0.6471260129999999,0.91981169,-1.0
729,Compound 703,162.0226898,1.767468552,1.859366748,-1.0
730,Compound 125,467.3738098,0.618104623,0.8294648290000001,-1.0
731,Compound 157,304.0110168,4.848073767,5.1090321030000005,-1.0
732,Compound 704,221.15480040000003,0.6239280110000001,0.88562949,-1.0
733,Compound 705,639.5550537,0.740280685,0.789995569,-1.0
734,Compound 706,171.10261540000002,0.724937301,1.057946244,-1.0
735,Compound 707,179.0561066,5.249377668999999,5.515520839,-1.0
736,Compound 708,197.1548157,0.6977648409999999,0.9157982179999999,-1.0
737,Compound 709,164.0716095,0.964546012,1.110582618,-1.0
738,Compound 47,118.05096440000001,5.894831161,6.290644952,-1.0
739,Compound 710,185.11833190000002,0.711385478,0.973527817,-1.0
740,Compound 711,94.99040222,8.182713837,8.62105968,-1.0
741,Compound 712,132.0301208,6.209948122999999,6.552127959,-1.0
742,Compound 178,242.1762543,0.639059869,0.981136412,-1.0
743,Compound 713,173.0092621,8.236878633,8.546624122999999,-1.0
744,Compound 714,149.045517,4.873490263,5.156237241,-1.0
745,Compound 715,254.6232452,0.603527268,0.934504288,-1.0
746,Compound 716,204.9811859,1.10773654,1.511901876,-1.0
747,Compound 717,116.0716858,4.880994006,5.323498761000001,-1.0
748,Compound 718,253.1084137,0.86075235,1.094834995,-1.0
749,Compound 136,352.9963989,6.861023047000001,7.3076229239999995,-1.0
750,Compound 719,283.2281494,0.619647982,0.697921483,-1.0
751,Compound 415,445.33215329999996,0.602110292,0.78557743,-1.0
752,Compound 720,73.02952576,1.047818352,1.146105477,-1.0
753,Compound 721,535.4741821,0.650584091,0.778930163,-1.0
754,Compound 722,366.1086121,5.716932871,6.257867902999999,-1.0
755,Compound 723,237.1862488,0.649723203,0.7325540709999999,-1.0
756,Compound 724,175.0247955,6.784893798,7.14808625,-1.0
757,Compound 725,204.06660459999998,1.802974273,1.9150329169999998,-1.0
758,Compound 726,298.11431880000004,5.909229626,6.163638195,-1.0
759,Compound 212,289.9956055,5.493757039,5.609057751,-1.0
760,Compound 727,222.1135559,0.850991808,1.1253918920000001,-1.0
761,Compound 728,307.263916,0.58758605,0.842893991,-1.0
762,Compound 729,160.9493103,13.3616331,14.056255300000002,-1.0
763,Compound 291,150.0559845,1.031103423,1.176765502,-1.0
764,Compound 730,157.0869446,0.850285827,1.102752986,-1.0
765,Compound 86,247.093689,4.907832363,5.178836799999999,-1.0
766,Compound 731,94.98062897,6.133139913,6.631647022999999,-1.0
767,Compound 732,250.19407650000002,0.635101404,0.759624718,-1.0
768,Compound 733,141.092041,0.725170674,0.9897057429999999,-1.0
769,Compound 734,447.34823610000007,0.572316839,0.797195208,-1.0
770,Compound 735,159.10258480000002,0.966082195,1.135802368,-1.0
771,Compound 736,151.02606200000002,3.817387091,4.383555003000001,-1.0
772,Compound 737,112.93720249999998,9.829101765,10.24463186,-1.0
773,Compound 738,119.0426178,1.048739877,1.131911378,-1.0
774,Compound 739,82.95413208,1.785311349,1.8744021419999999,-1.0
775,Compound 403,150.0559845,1.776341986,1.8787923569999998,-1.0
776,Compound 740,440.8602905,13.01455245,13.64533562,-1.0
777,Compound 741,138.0559692,0.8425007609999999,1.020053555,-1.0
778,Compound 283,493.38961789999996,0.604068148,0.757881426,-1.0
779,Compound 742,161.9865875,0.876034228,1.092868097,-1.0
780,Compound 743,215.0327911,6.384062618,6.419808657000001,-1.0
781,Compound 744,184.9680023,13.01541987,13.65988095,-1.0
782,Compound 745,71.01382446,6.037963402999999,6.578967775,-1.0
783,Compound 746,227.9972534,1.774310784,1.879209376,-1.0
784,Compound 747,187.0975189,0.8921119470000001,1.087290128,-1.0
785,Compound 158,519.4064331000001,0.5583094479999999,0.832876492,-1.0
786,Compound 748,511.4003601,0.6444141320000001,0.7390609,-1.0
787,Compound 749,71.01382446,5.710843852000001,6.272147277,-1.0
788,Compound 750,101.024437,6.037588235,6.575269828,-1.0
789,Compound 751,391.2849426,0.820458199,1.020927141,-1.0
790,Compound 167,643.0906372000001,6.546589453999999,6.954913615,-1.0
791,Compound 752,195.0510712,5.683133562,6.084648521,-1.0
792,Compound 753,637.5413208,0.722288912,0.833529912,-1.0
793,Compound 754,333.2068176,0.961280538,1.11622143,-1.0
794,Compound 755,179.0574036,1.045690092,1.145160265,-1.0
795,Compound 756,246.07513430000003,0.8264208040000001,1.016022703,-1.0
796,Compound 17,413.1971436,0.708998873,0.99276236,-1.0
797,Compound 757,154.06213380000003,6.289165986,6.553501966000001,-1.0
798,Compound 758,162.0226898,1.022993377,1.132208404,-1.0
799,Compound 759,236.86126710000002,13.45587984,13.95924699,-1.0
800,Compound 760,101.024437,5.698482493999999,6.294834845,-1.0
801,Compound 16,114.05604550000001,4.937812514,5.386475582999999,-1.0
802,Compound 761,244.90589900000003,13.34252008,13.71115225,-1.0
803,Compound 762,204.9132538,13.31934492,13.76625269,-1.0
804,Compound 763,230.01297000000002,1.6149684780000002,1.872534507,-1.0
805,Compound 764,227.0743866,1.041645399,1.134773303,-1.0
806,Compound 765,357.3003235,0.7451507559999999,1.023638793,-1.0
807,Compound 50,154.0575104,4.445253801000001,4.948542236000001,-1.0
808,Compound 766,225.1244812,0.748705029,0.8843148609999999,-1.0
809,Compound 767,171.0121155,0.892884303,1.07728297,-1.0
810,Compound 768,248.16577149999998,0.705391186,0.984335231,-1.0
811,Compound 769,547.1694336,5.705139152999999,6.255384737999999,-1.0
812,Compound 770,580.3258057,0.833568127,1.11401427,-1.0
813,Compound 771,149.0606995,0.919589397,1.093030392,-1.0
814,Compound 772,182.9313202,13.31858275,13.83085062,-1.0
815,Compound 773,771.5046387,0.805508296,0.9617401809999999,-1.0
816,Compound 774,175.0975494,0.788706417,1.009549438,-1.0
817,Compound 775,183.10258480000002,0.690169612,0.9392506909999999,-1.0
818,Compound 776,136.0403442,0.95802423,1.131659655,-1.0
819,Compound 777,238.1939545,0.621645329,0.7134112709999999,-1.0
820,Compound 778,195.10269169999998,1.045654076,1.138427137,-1.0
821,Compound 779,103.07648470000001,1.0288504859999998,1.218266087,-1.0
822,Compound 780,181.0503387,2.347877685,2.51813388,-1.0
823,Compound 781,188.0716858,1.7948565380000001,1.877437625,-1.0
824,Compound 311,521.4230347,0.559092988,0.822401816,-1.0
825,Compound 782,132.0302124,5.047568625,5.2784931980000005,-1.0
826,Compound 783,124.01525120000001,5.171372194,5.3755925620000005,-1.0
827,Compound 784,116.92846680000001,0.860553488,1.047598025,-1.0
828,Compound 785,202.0509949,1.78574427,1.881826196,-1.0
829,Compound 786,135.0297546,7.4105510489999995,7.862919461000001,-1.0
830,Compound 787,448.306366,0.724480833,1.047221311,-1.0
831,Compound 788,304.0707397,5.966594112,6.37447352,-1.0
832,Compound 172,174.08839419999998,6.9206140210000004,7.301826244,-1.0
833,Compound 789,118.03289029999999,1.768406261,1.859870928,-1.0
834,Compound 790,124.9914017,2.681676645,3.2505539989999996,-1.0
835,Compound 215,239.0167236,7.099545342000001,7.408269325,-1.0
836,Compound 791,101.024437,7.085975942999999,7.368061558,-1.0
837,Compound 792,187.041626,2.258136163,2.53196941,-1.0
838,Compound 793,448.888855,8.284570938,8.722569128,-1.0
839,Compound 794,220.8872375,13.47306955,13.89415836,-1.0
840,Compound 795,111.01997379999999,2.937327867,3.5957774160000002,-1.0
841,Compound 796,208.0978699,0.951743474,1.117063548,-1.0
842,Compound 797,310.87750239999997,13.36812922,13.66477777,-1.0
843,Compound 798,101.024437,1.030446598,1.117196287,-1.0
844,Compound 799,455.15609739999996,1.041872746,1.148419109,-1.0
845,Compound 800,149.045517,5.161041932,5.3845304810000005,-1.0
846,Compound 801,244.90829469999997,0.634381984,0.805606533,-1.0
847,Compound 802,199.9693451,6.822775977,7.313806007,-1.0
848,Compound 803,96.96957397,4.390584677,5.775499926,-1.0
849,Compound 804,239.0593719,4.673578551,5.0457519269999995,-1.0
850,Compound 805,187.0378418,4.883557239,5.227484207,-1.0
851,Compound 806,138.94146730000003,13.32343658,13.84050381,-1.0
852,Compound 807,165.0406189,5.165195983,5.380012807999999,-1.0
853,Compound 217,702.8501587000001,8.228233442999999,8.796425503,-1.0
854,Compound 808,131.08255,6.908975376,7.284115399,-1.0
855,Compound 809,117.01931,6.87915097,7.1478061870000005,-1.0
856,Compound 810,507.2250061000001,1.694840652,1.863054195,-1.0
857,Compound 811,176.93589780000002,7.190378979,7.571352179,-1.0
858,Compound 573,473.36331179999996,0.642050267,0.779856535,-1.0
859,Compound 812,612.7962646000001,13.07677112,13.59217921,-1.0
860,Compound 813,129.01925659999998,5.94779229,6.648660582000001,-1.0
861,Compound 814,168.0301514,1.7694249690000001,1.866246459,-1.0
862,Compound 815,127.0764084,1.011611647,1.111538301,-1.0
863,Compound 816,92.02540588,3.0686885239999997,3.65984322,-1.0
864,Compound 817,133.0505524,2.532107015,3.044468733,-1.0
865,Compound 818,507.2238159,0.874769531,1.057895788,-1.0
866,Compound 819,277.7191772,0.6134913820000001,0.7080168020000001,-1.0
867,Compound 820,75.00873566,2.906351757,3.478183678,-1.0
868,Compound 821,350.8696289,13.40633599,13.62620497,-1.0
869,Compound 822,660.0704346,6.820114718999999,6.848589999,-1.0
870,Compound 823,188.9393311,0.503807019,0.682815726,-1.0
871,Compound 824,165.0406189,5.432608178,5.816889102,-1.0
872,Compound 825,72.96972656,13.36051513,14.03991148,-1.0
873,Compound 826,121.0763626,1.047891643,1.118395986,-1.0
874,Compound 9,130.0621338,6.188740806,6.491012262999999,-1.0
875,Compound 827,111.00877379999999,8.645325927,9.039492671,-1.0
876,Compound 828,207.0145874,7.491034933,7.869814676,-1.0
877,Compound 829,303.12475589999997,5.9247904689999995,6.154548859,-1.0
878,Compound 830,255.0874786,4.5953634260000005,4.906977843,-1.0
879,Compound 831,263.628418,1.770354297,1.857515952,-1.0
880,Compound 832,254.98185730000003,9.917987161000001,10.36242861,-1.0
881,Compound 833,273.0537109,1.005006858,1.102108619,-1.0
882,Compound 834,226.9964905,4.029343686,4.624162749,-1.0
883,Compound 835,245.9555054,6.263040778,6.692010822,-1.0
884,Compound 836,134.0610046,1.759202132,1.8448569240000001,-1.0
885,Compound 837,131.0461273,6.490050159,6.775657337,-1.0
886,Compound 838,556.3255005,0.905631282,1.152175344,-1.0
887,Compound 839,128.0842133,0.983003827,1.104552558,-1.0
888,Compound 190,346.055481,6.194031516,6.401403321,-1.0
889,Compound 840,177.02265930000002,1.7078169369999998,1.850428608,-1.0
890,Compound 841,277.7191772,0.643503101,0.6737692679999999,-1.0
891,Compound 81,148.04373169999997,4.505905182,4.970487307,-1.0
892,Compound 842,260.8798523,13.50934749,13.73613564,-1.0
893,Compound 843,129.01925659999998,2.63835752,3.132505128,-1.0
894,Compound 844,216.03614810000002,6.05606157,6.0927109239999995,-1.0
895,Compound 845,101.024437,1.564689589,1.814665265,-1.0
896,Compound 846,310.12570189999997,6.2260745470000005,6.473856686,-1.0
897,Compound 847,107.0502243,1.770471856,1.881432889,-1.0
898,Compound 848,322.9884644,3.229857922,3.4742811139999996,-1.0
899,Compound 849,188.0716705,1.0448398079999999,1.139211406,-1.0
900,Compound 580,416.8417358,13.37381553,13.63118242,-1.0
901,Compound 850,114.9362564,1.324110029,1.806416767,-1.0
902,Compound 851,824.7265014999999,12.94041604,13.686907699999999,-1.0
903,Compound 852,267.0737305,4.073103307,4.423097767,-1.0
904,Compound 853,150.0229492,4.87634807,5.165875636,-1.0
905,Compound 51,168.077774,5.26735002,5.551487454,-1.0
906,Compound 854,271.004364,5.970153495,6.328387827999999,-1.0
907,Compound 855,119.07125090000001,1.7621318259999998,1.895282919,-1.0
908,Compound 163,184.0978699,4.102054293,4.406586363,-1.0
909,Compound 856,146.0821991,4.767975362,5.158397932,-1.0
910,Compound 857,99.08161163,0.8100775440000001,0.9765309590000001,-1.0
911,Compound 526,343.9944458,6.0288918439999994,6.378279,-1.0
912,Compound 858,473.38519289999994,0.853262608,0.995277483,-1.0
913,Compound 859,331.19131469999996,0.9529184740000001,1.12652215,-1.0
914,Compound 860,133.9916382,1.6430746969999999,1.86130579,-1.0
915,Compound 861,119.03472140000001,6.101700315,6.505387982999999,-1.0
916,Compound 862,209.0303345,6.097348479,6.479288346000001,-1.0
917,Compound 863,122.96752169999999,0.500306216,0.682833318,-1.0
918,Compound 864,372.1044922,3.12054362,3.391460852,-1.0
919,Compound 865,357.03100589999997,5.281562554,5.421319884,-1.0
920,Compound 866,222.0984344,5.269282587,5.6840024410000005,-1.0
921,Compound 867,144.0454102,0.998947568,1.12089827,-1.0
922,Compound 868,310.1601257,0.9993605,1.104553519,-1.0
923,Compound 57,130.0508575,6.119187468,6.366940114,-1.0
924,Compound 869,139.9845123,5.322592661,5.593361985,-1.0
925,Compound 870,129.0192413,1.219779365,1.5768628830000002,-1.0
926,Compound 871,116.0352783,2.487346912,3.053091237,-1.0
927,Compound 872,190.03427119999998,4.472053146,4.943407818,-1.0
928,Compound 214,295.139801,1.037571585,1.124513444,-1.0
929,Compound 873,93.00138092,0.458870665,0.720771933,-1.0
930,Compound 874,283.1550903,1.042378208,1.128307811,-1.0
931,Compound 875,115.00361629999999,1.288566841,1.766342314,-1.0
932,Compound 876,283.02990719999997,5.714278964,6.209303534,-1.0
933,Compound 288,621.1682739,6.504903215,6.718795732,-1.0
934,Compound 877,98.96427155,8.315813637,8.70839639,-1.0
935,Compound 878,153.03047180000002,4.557820174,4.995440982,-1.0
936,Compound 879,178.93400569999997,13.35951238,13.73451028,-1.0
937,Compound 880,273.05377200000004,1.741459279,1.837566531,-1.0
938,Compound 881,246.95347599999997,5.48784293,5.751883105,-1.0
939,Compound 882,229.14456180000002,1.041735367,1.143939733,-1.0
940,Compound 883,372.89007569999995,8.312970645,8.558113302999999,-1.0
941,Compound 884,195.05235290000002,1.795182183,1.923774759,-1.0
942,Compound 885,142.06613159999998,2.350609295,3.015674888,-1.0
943,Compound 886,241.11944580000002,0.9950772520000001,1.10595992,-1.0
944,Compound 887,274.1047363,6.89668606,7.187233385,-1.0
945,Compound 888,326.08789060000004,4.773930331,5.034465378,-1.0
946,Compound 889,228.9319153,0.476402075,0.662789445,-1.0
947,Compound 197,173.0931244,5.621589837,5.980933352999999,-1.0
948,Compound 890,119.03472140000001,4.9019649880000005,5.15127122,-1.0
949,Compound 891,315.0413818,6.403494864,6.68441801,-1.0
950,Compound 892,546.8256226,13.20453911,13.60901045,-1.0
951,Compound 893,260.02359010000004,6.257117141,6.550860036,-1.0
952,Compound 894,324.98623660000004,3.183866788,3.300042605,-1.0
953,Compound 895,152.0482941,3.831535985,4.421858689,-1.0
954,Compound 896,311.6658325,1.037464145,1.124922819,-1.0
955,Compound 897,253.10839840000003,1.7269700419999998,1.885130204,-1.0
956,Compound 898,341.17147830000005,5.357008721000001,5.664098751,-1.0
957,Compound 899,232.0592499,1.731304264,1.8540752319999998,-1.0
958,Compound 900,147.04512019999999,3.430988853,3.942420246,-1.0
959,Compound 901,149.0091095,7.908718164,8.251753295,-1.0
960,Compound 902,344.0055542,6.539436522000001,6.755631022,-1.0
961,Compound 903,189.06980900000002,2.039293381,2.303194545,-1.0
962,Compound 904,128.0842133,0.934865484,1.086978374,-1.0
963,Compound 905,85.02954102,8.260683527000001,8.502889417,-1.0
964,Compound 906,217.0830383,5.0470254610000005,5.29819293,-1.0
965,Compound 907,166.9572906,0.499145425,0.6922835959999999,-1.0
966,Compound 908,276.8536987,13.46421338,13.88537292,-1.0
967,Compound 294,461.08410639999994,6.533216695,6.815508475,-1.0
968,Compound 909,133.05058290000002,1.777168754,1.922597635,-1.0
969,Compound 910,326.8511963,13.46407778,13.68919647,-1.0
970,Compound 911,243.1604309,1.781312229,1.870920174,-1.0
971,Compound 912,310.1142883,6.1422721860000005,6.405519427000001,-1.0
972,Compound 913,243.02378849999997,7.098655608,7.384395565,-1.0
973,Compound 914,175.95996090000003,8.4604974,8.979137912999999,-1.0
974,Compound 915,181.0717468,5.571303868999999,6.008579066,-1.0
975,Compound 916,167.0209045,6.41199441,6.460894568,-1.0
976,Compound 917,361.00689700000004,6.293565366,6.497362183,-1.0
977,Compound 918,256.05950930000006,4.379389938,4.885201005,-1.0
978,Compound 919,455.1567993,1.618164392,2.233034731,-1.0
979,Compound 920,541.2684326,1.77826473,1.927006521,-1.0
980,Compound 921,189.0029907,5.242538011000001,5.474436835,-1.0
981,Compound 922,102.0560837,5.5444493260000005,5.897442865,-1.0
982,Compound 923,269.1216125,1.012358846,1.0970213340000001,-1.0
983,Compound 924,324.0722351,5.060811104,5.288692327,-1.0
984,Compound 925,190.03575130000002,7.331673605,7.61723852,-1.0
985,Compound 926,238.8918762,10.70598449,11.10426434,-1.0
986,Compound 927,383.0997925,5.736511201,6.067078307999999,-1.0
